#ID	Name	SMILES
PYROPHOSPHATE_DONOR_CoF	ATP	Nc1ncnc2c1ncn2[C@@H]1O[C@H](COP(=O)(O)OP(=O)(O)OP(=O)(O)O)[C@@H](O)[C@H]1O
PYROPHOSPHATE_ACCEPTOR_CoF	AMP	Nc1ncnc2c1ncn2[C@@H]1O[C@H](COP(=O)(O)O)[C@@H](O)[C@H]1O
FAD_CoF	FAD	Cc1cc2nc3c(=O)[nH]c(=O)nc-3n(C[C@H](O)[C@H](O)[C@H](O)COP(=O)(O)OP(=O)(O)OC[C@H]3O[C@@H](n4cnc5c(N)ncnc54)[C@H](O)[C@@H]3O)c2cc1C
FADH2_CoF	FADH2	Cc1cc2c(cc1C)N(C[C@H](O)[C@H](O)[C@H](O)COP(=O)(O)OP(=O)(O)OC[C@H]1O[C@@H](n3cnc4c(N)ncnc43)[C@H](O)[C@@H]1O)c1[nH]c(=O)[nH]c(=O)c1N2
PHOSPHATE_DONOR_CoF	ATP	Nc1ncnc2c1ncn2[C@@H]1O[C@H](COP(=O)(O)OP(=O)(O)OP(=O)(O)O)[C@@H](O)[C@H]1O
PHOSPHATE_ACCEPTOR_CoF	ADP	Nc1ncnc2c1ncn2[C@@H]1O[C@H](COP(=O)(O)OP(=O)(O)O)[C@@H](O)[C@H]1O
NAD_CoF	NADP	NC(=O)c1ccc[n+]([C@@H]2O[C@H](COP(=O)(O)OP(=O)(O)OC[C@H]3O[C@@H](n4cnc5c(N)ncnc54)[C@H](OP(=O)(O)O)[C@@H]3O)[C@@H](O)[C@H]2O)c1
NADH_CoF	NADPH	NC(=O)C1=CN([C@@H]2O[C@H](COP(=O)(O)OP(=O)(O)OC[C@H]3O[C@@H](n4cnc5c(N)ncnc54)[C@H](OP(=O)(O)O)[C@@H]3O)[C@@H](O)[C@H]2O)C=CC1
SULFATE_DONOR_CoF	PAPS	Nc1ncnc2c1ncn2[C@@H]1O[C@H](COP(=O)(O)OS(=O)(=O)O)[C@@H](OP(=O)(O)O)[C@H]1O
SULFATE_ACCEPTOR_CoF	3-5-ADP	Nc1ncnc2c1ncn2[C@@H]1O[C@H](COP(=O)(O)O)[C@@H](OP(=O)(O)O)[C@H]1O
METHYL_DONOR_CoF	S-ADENOSYLMETHIONINE	C[S+](CC[C@H](N)C(=O)O)C[C@H]1O[C@@H](n2cnc3c(N)ncnc32)[C@H](O)[C@@H]1O
METHYL_ACCEPTOR_CoF	ADENOSYL-HOMO-CYS	Nc1ncnc2c1ncn2[C@@H]1O[C@H](CSCC[C@H](N)C(=O)O)[C@@H](O)[C@H]1O
GLUCOSYL_DONOR_CoF	CPD-12575	O=c1ccn([C@@H]2O[C@H](COP(=O)(O)OP(=O)(O)O[C@H]3O[C@H](CO)[C@@H](O)[C@H](O)[C@H]3O)[C@@H](O)[C@H]2O)c(=O)[nH]1
GLUCOSYL_ACCEPTOR_CoF	UDP	O=c1ccn([C@@H]2O[C@H](COP(=O)(O)OP(=O)(O)O)[C@@H](O)[C@H]2O)c(=O)[nH]1
Ubiquinols_CoF	ETR-Quinols	*c1c(*)c(O)c(*)c(*)c1O
Ubiquinones_CoF	ETR-Quinones	*C1=C(*)C(=O)C(*)=C(*)C1=O
PRENYL_DONOR_CoF	CPD-4211	CC(C)=CCOP(=O)(O)OP(=O)(O)O
PRENYL_ACCEPTOR_CoF	PPI	O=P(O)(O)OP(=O)(O)O
CARBONYL_CoF	2-KETOGLUTARATE	O=C(O)CCC(=O)C(=O)O
AMINO_CoF	GLT	N[C@@H](CCC(=O)O)C(=O)O
FORMYL_DONOR_CoF	FORMYL-THF-GLU-N	*C(=O)CC[C@H](NC(=O)c1ccc(N(C=O)C[C@H]2CNc3nc(N)[nH]c(=O)c3N2)cc1)C(=O)O
FORMYL_ACCEPTOR_CoF	THF-GLU-N	*C(=O)CC[C@H](NC(=O)c1ccc(NC[C@H]2CNc3nc(N)[nH]c(=O)c3N2)cc1)C(=O)O
ASCORBATE_RADICAL_CoF	CPD-318	[O]C1=C(O)C(=O)O[C@@H]1[C@@H](O)CO
ASCORBATE_CoF	ASCORBATE	O=C1O[C@H]([C@@H](O)CO)C(O)=C1O
Oxidized-Factor-F420_CoF	Oxidized-Factor-F420	*C(=O)[C@H](C)OP(=O)(O)OC[C@@H](O)[C@@H](O)[C@@H](O)Cn1c2nc(=O)[nH]c(=O)c-2cc2ccc(O)cc21
Reduced-Factor-F420_CoF	Reduced-Factor-F420	*C(=O)[C@H](C)OP(=O)(O)OC[C@@H](O)[C@@H](O)[C@@H](O)CN1c2cc(O)ccc2Cc2c1[nH]c(=O)[nH]c2=O
ACETYL-COA	ACETYL-COA	CC(=O)SCCNC(=O)CCNC(=O)[C@H](O)C(C)(C)COP(=O)(O)OP(=O)(O)OC[C@H]1O[C@@H](n2cnc3c(N)ncnc32)[C@H](O)[C@@H]1OP(=O)(O)O
CO	CARBON-MONOXIDE	C#[O+]
CO2	CARBON-DIOXIDE	O=C=O
CO3	CO3	O=C(O)O
CoA	CO-A	CC(C)(COP(=O)(O)OP(=O)(O)OC[C@H]1O[C@@H](n2cnc3c(N)ncnc32)[C@H](O)[C@@H]1OP(=O)(O)O)[C@@H](O)C(=O)NCCC(=O)NCCS
H+	PROTON	[H+]
H2O2	HYDROGEN-PEROXIDE	OO
HBr	Bromide	Br
HCN	HCN	C#N
HCl	CL-	Cl
HF	F-	F
HI	CPD-387	I
NH3	AMMONIA	N
O2	OXYGEN-MOLECULE	O=O
PPI	PPI	O=P(O)(O)OP(=O)(O)O
Pi	PI	O=P(O)(O)O
SULFATE	SULFATE	O=S(=O)(O)O
SULFITE	H2SO3	O=S(O)O
WATER	WATER	O
OXYGEN	O2	O=O
Hlpr-4-0	Hlpr-4-0	OCC1OC(OCC2OC(O)C(O)C(O)C2O)C(O)C(O)C1O
Hlpr-12-0	Hlpr-12-0	CC(C)=CCCC(C)=CCOC1OC(CO)C(O)C(O)C1O
Hlpr-13-0	Hlpr-13-0	OCC1OC(O)(CO)C(O)C1O
Hlpr-26-0	Hlpr-26-0	CC(=O)NC1C(O)CC(O)(C(=O)O)OC1C(O)C(O)CO
Hlpr-29-0	Hlpr-29-0	Cc1cn(C2CC(O)C(COP(=O)(O)OP(=O)(O)O)O2)c(=O)[nH]c1=O
Hlpr-43-0	Hlpr-43-0	COC1C(O)C(O)C(O)C(O)C1OC1OC(CO)C(O)C(O)C1O
Hlpr-43-1	Hlpr-43-1	OCC1OC(O)C(O)C(O)C1O
Hlpr-44-1	Hlpr-44-1	O=P(O)(O)OCC1OC(O)C(O)C(O)C1O
Hlpr-45-0	Hlpr-45-0	OCC1OC(OC2(CO)OC(CO)C(O)C2O)C(O)C(O)C1O
Hlpr-47-0	Hlpr-47-0	OCC1OC(OC2C(CO)OC(O)C(O)C2O)C(O)C(O)C1O
Hlpr-53-0	Hlpr-53-0	OCC1OC(OC2C(O)C(O)OC(CO)C2O)C(O)C(O)C1O
Hlpr-54-0	Hlpr-54-0	OC1OC(CCl)C(O)C(O)C1O
Hlpr-55-0	Hlpr-55-0	CC1OC(Oc2ccc([N+](=O)O)cc2)C(O)C(O)C1O
Hlpr-55-1	Hlpr-55-1	CCSC1OC(C)C(O)C(O)C1O
Hlpr-56-0	Hlpr-56-0	O=[N+](O)c1ccc(OC2OCC(O)C(O)C2O)cc1
Hlpr-61-0	Hlpr-61-0	COC1OC(CO)C(O)C(OC2OC(CO)C(O)C(O)C2O)C1NC(C)=O
Hlpr-61-1	Hlpr-61-1	O=[N+](O)c1ccc(O)cc1
Hlpr-62-0	Hlpr-62-0	Nc1ccn(C2OC(COP(=O)(O)O)C(O)C2O)c(=O)n1
Hlpr-66-1	Hlpr-66-1	COc1cc(C=CC(=O)OC2OC(CO)C(O)C(O)C2O)cc(OC)c1O
Hlpr-68-0	Hlpr-68-0	OCC1OC(O)C(O)C1O
Hlpr-69-0	Hlpr-69-0	OCC(O)C(O)C(O)CO
Hlpr-70-0	Hlpr-70-0	COCC1OC(O)C(O)C(O)C1O
Hlpr-72-1	Hlpr-72-1	CC(C)CCOC1OC(CO)C(O)C(O)C1O
Hlpr-73-0	Hlpr-73-0	C=CCOCC(O)CO
Hlpr-74-0	Hlpr-74-0	CCSC1OC(C)C(O)C(O)C1OC1OC(C)C(O)C(O)C1O
Hlpr-75-0	Hlpr-75-0	O=C(O)C(CO)OC1OC(CO)C(O)C(O)C1O
Hlpr-76-0	Hlpr-76-0	CO
Hlpr-77-0	Hlpr-77-0	CC1OC(OC2C(O)OC(CO)C(O)C2O)C(O)C(O)C1O
Hlpr-78-0	Hlpr-78-0	O=C(OCC1OC(O)C(O)C(O)C1O)c1cc(O)c(O)c(O)c1
Hlpr-79-0	Hlpr-79-0	Oc1ccccc1
Hlpr-79-1	Hlpr-79-1	COC1OCC(O)C(O)C1O
Hlpr-80-0	Hlpr-80-0	O=C(OC1OC(CO)C(O)C(O)C1O)c1cc(O)c(O)c(O)c1
Hlpr-80-1	Hlpr-80-1	O=[N+](O)c1ccc(OC2OC(CO)C(O)C(O)C2O)cc1
Hlpr-85-0	Hlpr-85-0	O=C(C=Cc1ccc(O)c(O)c1)OCCc1ccccc1
Hlpr-85-1	Hlpr-85-1	CCCCC(=O)OCC(CO)OC(=O)CCCC
Hlpr-87-0	Hlpr-87-0	O=[N+](O)c1ccc(OC2OC(CO)C(O)C2O)cc1
Hlpr-88-0	Hlpr-88-0	Nc1ncnc2c1ncn2C1OC(COP(=O)(O)O)C(O)C1O
Hlpr-497-0	Hlpr-497-0	CC(=O)NC1C(O)OC(CO)C(O)C1O
Hlpr-497-1	Hlpr-497-1	CC(=O)NC1C(O)OC(CO)C(O)C1OC1OC(CO)C(O)C(O)C1O
Hlpr-498-0	Hlpr-498-0	CCCCCCCC(=O)O
Hlpr-498-1	Hlpr-498-1	CCCCCCCC(=O)OCC(CO)OC(=O)CCCCCCC
Hlpr-499-1	Hlpr-499-1	COc1ccc(OC2OC(CO)C(O)C(O)C2O)cc1
Hlpr-500-1	Hlpr-500-1	Cc1cc(=O)oc2cc(O)ccc12
Hlpr-507-0	Hlpr-507-0	CCCCCC(=O)O
Hlpr-507-1	Hlpr-507-1	CCCCCC(=O)OCC(CO)OC(=O)CCCCC
Hlpr-508-0	Hlpr-508-0	O=C(O)C1OC(O)C(O)C(O)C1O
Hlpr-510-1	Hlpr-510-1	O=P(O)(O)OCC(O)CO
Hlpr-512-1	Hlpr-512-1	CC1OC(O)C(O)C(O)C1O
Hlpr-513-0	Hlpr-513-0	CC(=O)NC1C(O)OC(COC(C)=O)C(OC(C)=O)C1OC(C)=O
Hlpr-513-1	Hlpr-513-1	COc1ccc(O)cc1
Hlpr-515-1	Hlpr-515-1	CCCC(=O)O
Hlpr-517-0	Hlpr-517-0	NC1C(O)OC(CO)C(O)C1O
Hlpr-518-1	Hlpr-518-1	O=[N+](O)c1ccc(O)c(Cl)c1
Hlpr-521-1	Hlpr-521-1	O=P(O)(O)OC1C(O)C(O)C(O)C(O)C1O
Hlpr-523-0	Hlpr-523-0	OCC1OC(O)C(O)CC1O
Hlpr-525-1	Hlpr-525-1	CCCCCCCCCCCC(=O)O
Hlpr-527-0	Hlpr-527-0	OC1COC(O)C(O)C1O
Hlpr-528-1	Hlpr-528-1	COC1OC(COP(=O)(O)O)C(O)C(O)C1O
Hlpr-529-1	Hlpr-529-1	O=C(O)C1OC(OC2C(C(=O)O)OC(O)C(O)C2O)C(O)C(O)C1O
Hlpr-536-0	Hlpr-536-0	OC1COC(OC2COC(O)C(O)C2O)C(O)C1O
Hlpr-540-1	Hlpr-540-1	CC(N)C(=O)NC(CO)C(=O)NC(Cc1ccc(O)cc1)C(=O)O
Hlpr-541-1	Hlpr-541-1	C=CCc1ccc(O)cc1
Hlpr-543-0	Hlpr-543-0	OC1COC(O)C(F)C1O
Hlpr-543-1	Hlpr-543-1	O=[N+](O)c1ccc(O)c([N+](=O)O)c1
Hlpr-546-1	Hlpr-546-1	O=c1cc(C(F)(F)F)c2ccc(O)cc2o1
Hlpr-549-0	Hlpr-549-0	CCOP(=O)(O)OCC
Hlpr-549-1	Hlpr-549-1	Cc1cc(=O)oc2c(F)c(O)c(F)cc12
Hlpr-550-1	Hlpr-550-1	CCCCC(CC)C(=O)O
Hlpr-552-0	Hlpr-552-0	CC(=O)NC1C(C)OC(O)C(NC(C)=O)C1O
Hlpr-553-1	Hlpr-553-1	OCC(O)CO
Hlpr-554-1	Hlpr-554-1	C[N+](C)(C)CC(O)CC(=O)O
Hlpr-555-1	Hlpr-555-1	CC(C)=CCCC(C)CCO
Hlpr-557-0	Hlpr-557-0	O=c1ccc2ccc(O)cc2o1
Hlpr-557-1	Hlpr-557-1	CCCCC(=O)O
Hlpr-558-1	Hlpr-558-1	Oc1cccc2ccccc12
Hlpr-559-1	Hlpr-559-1	CCOP(=O)(O)O
Hlpr-560-0	Hlpr-560-0	O=[N+](O)c1ccccc1O
Hlpr-561-0	Hlpr-561-0	Cc1cn(C2CC(O)C(COP(=O)(O)O)O2)c(=O)[nH]c1=O
Hlpr-565-1	Hlpr-565-1	OCC(O)C(O)C(O)C(O)CO
Hlpr-567-1	Hlpr-567-1	COc1cc(C=CC(=O)O)ccc1O
Hlpr-569-0	Hlpr-569-0	CCC=CCCO
Hlpr-571-1	Hlpr-571-1	O=c1ccn(C2OC(COP(=O)(O)O)C(O)C2O)c(=O)[nH]1
Hlpr-572-0	Hlpr-572-0	CCC(=O)O
Hlpr-573-0	Hlpr-573-0	CC(=O)NC1C(NC(=O)CC(N)C(=O)O)OC(CO)C(O)C1O
Hlpr-577-1	Hlpr-577-1	Oc1ccc2ccccc2c1
Hlpr-581-0	Hlpr-581-0	CCCCCCCCCCCCCCCCO
Hlpr-581-1	Hlpr-581-1	CCCCCCCCCCCCCCCC(=O)O
Hlpr-584-0	Hlpr-584-0	O=[N+](O)c1ccc(OP(=O)(O)O)cc1
Hlpr-584-1	Hlpr-584-1	Cc1cn(C2CC(OP(=O)(O)O)C(CO)O2)c(=O)[nH]c1=O
Hlpr-585-1	Hlpr-585-1	CC(=O)O
Hlpr-586-0	Hlpr-586-0	CCCCC(=O)OCC(O)COP(=O)(O)O
Hlpr-586-1	Hlpr-586-1	C[N+](C)(C)CCO
Hlpr-588-0	Hlpr-588-0	O=P(O)(O)OC1OC(CO)C(O)C(O)C1O
Hlpr-589-1	Hlpr-589-1	OCC1(O)COC(OCC2OC(O)C(O)C(O)C2O)C1O
Hlpr-591-0	Hlpr-591-0	CCCC(=O)SCC(CO)SC(=O)CCC
Hlpr-592-0	Hlpr-592-0	O=C(O)C1CCCC1
Hlpr-593-1	Hlpr-593-1	CCCCCCCCCC(=O)O
Hlpr-595-1	Hlpr-595-1	CCOP(O)(=S)OCC
Hlpr-596-0	Hlpr-596-0	COC(=O)c1ccc(O)cc1
Hlpr-597-0	Hlpr-597-0	O=C(O)CC(=O)O
Hlpr-600-0	Hlpr-600-0	CCCCO
Hlpr-601-1	Hlpr-601-1	OCCc1ccccc1
Hlpr-603-0	Hlpr-603-0	C[N+](C)(C)CCOP(=O)(O)OCC(O)CO
Hlpr-603-1	Hlpr-603-1	CCCCCCCCC=CCCCCCCCC(=O)OC(CO)CO
Hlpr-606-1	Hlpr-606-1	O=C(CNC(=O)OCc1ccccc1)NCC(=O)N1CCCC1C(=O)O
Hlpr-609-1	Hlpr-609-1	O=C(O)C1=CC(O)C(O)C(O)O1
Hlpr-611-1	Hlpr-611-1	CCCOP(C)(=O)O
Hlpr-612-1	Hlpr-612-1	CC(=O)CC(=O)O
Hlpr-614-0	Hlpr-614-0	OCC1OC(OCC2OC(O)C(O)C2O)C(O)C1O
Hlpr-621-0	Hlpr-621-0	CCCCC(=O)OCC(O)CO
Hlpr-622-0	Hlpr-622-0	CC(C)(C)C(=O)O
Hlpr-624-0	Hlpr-624-0	CCCCCCC(=O)O
Hlpr-624-1	Hlpr-624-1	CCCCCCC(=O)OCC(O)COP(=O)(O)OCC[N+](C)(C)C
Hlpr-629-1	Hlpr-629-1	Oc1ccccc1O
Hlpr-630-0	Hlpr-630-0	O=C(O)CCCCC(=O)O
Hlpr-630-1	Hlpr-630-1	CC1=C(C(=O)O)N2C(=O)C(N)C2SC1
Hlpr-631-1	Hlpr-631-1	CCO
Hlpr-636-1	Hlpr-636-1	CC(O)CC(=O)O
Hlpr-642-0	Hlpr-642-0	Oc1ccc(O)cc1
Hlpr-643-0	Hlpr-643-0	O=C(CO)NC1C(O)CC(O)(C(=O)O)OC1C(O)C(O)CO
Hlpr-645-0	Hlpr-645-0	NC(Cc1ccccc1)C(=O)O
Hlpr-654-0	Hlpr-654-0	NC(CO)C(=O)O
Hlpr-655-0	Hlpr-655-0	OC1C(O)C(O)C(O)C(O)C1O
Hlpr-659-0	Hlpr-659-0	C#CCO
Hlpr-660-1	Hlpr-660-1	O=C(O)C(O)Cc1ccccc1
Hlpr-661-0	Hlpr-661-0	O=c1ccn(C2OC(CO)C(O)C2O)c(=O)[nH]1
Hlpr-663-1	Hlpr-663-1	Nc1ccc(C(=O)O)cc1
Hlpr-665-0	Hlpr-665-0	Nc1ccn(C2OC(CO)C(OP(=O)(O)O)C2O)c(=O)n1
Hlpr-665-1	Hlpr-665-1	Nc1nc2c(ncn2C2CC(O)C(CO)O2)c(=O)[nH]1
Hlpr-668-0	Hlpr-668-0	CC(C)CO
Hlpr-668-1	Hlpr-668-1	CP(=O)(O)O
Hlpr-669-0	Hlpr-669-0	O=C(O)c1ccc(C(=O)O)cc1
Hlpr-669-1	Hlpr-669-1	OCCO
Hlpr-670-0	Hlpr-670-0	CCCO
Hlpr-670-1	Hlpr-670-1	O=C(O)c1cc(O)c(O)c(O)c1
Hlpr-671-0	Hlpr-671-0	CNC(C)C(=O)O
Hlpr-672-0	Hlpr-672-0	O=C(O)C=Cc1ccc(O)cc1
Hlpr-672-1	Hlpr-672-1	O=c1[nH]c(=O)n(C2CC(O)C(CO)O2)cc1F
Hlpr-674-0	Hlpr-674-0	N#CC(O)c1cccc(Oc2ccccc2)c1
Hlpr-674-1	Hlpr-674-1	CCCCC(CC)COC(=O)c1ccccc1C(=O)O
Hlpr-675-0	Hlpr-675-0	CC(O)C(=O)O
Hlpr-676-0	Hlpr-676-0	CCN(CC)CCSP(C)(=O)O
Hlpr-677-1	Hlpr-677-1	COC(=O)C1C(O)CC2CCC1N2C
Hlpr-678-1	Hlpr-678-1	O=C(O)C1(O)CC(O)C(O)C(O)C1
Hlpr-1083-0	Hlpr-1083-0	CC(N)C(=O)NC(CO)C(=O)NC(Cc1ccccc1)C(=O)O
Hlpr-1083-1	Hlpr-1083-1	CC(N)C(=O)NC(C)C(=O)NC(Cc1ccccc1)C(=O)O
Hlpr-1084-1	Hlpr-1084-1	Cc1cc(=O)oc2cc(N)ccc12
Hlpr-1086-0	Hlpr-1086-0	CC(C)CC(NC(=O)C(C)N)C(=O)NC(CCC(=O)O)C(=O)O
Hlpr-1086-1	Hlpr-1086-1	CCC(C)C(NC(=O)C(C)NC(=O)C(CC(C)C)NC(=O)C(C)N)C(=O)O
Hlpr-1087-0	Hlpr-1087-0	Nc1ccc([N+](=O)O)cc1
Hlpr-1091-1	Hlpr-1091-1	CC(NC(=O)C(C)NC(=O)C(C)NC(=O)CCC(=O)O)C(=O)O
Hlpr-1093-0	Hlpr-1093-0	CC(NC(=O)CNC(=O)CN)C(=O)NC(CCCCN)C(=O)O
Hlpr-1093-1	Hlpr-1093-1	CC(NC(=O)C(NC(=O)CNC(=O)CN)C(C)O)C(=O)O
Hlpr-1095-0	Hlpr-1095-0	CC(C)C(NC(=O)C(CCCN=C(N)N)NC(=O)C(N)CC(=O)O)C(=O)O
Hlpr-1095-1	Hlpr-1095-1	CC(N)C(=O)NC(C)C(=O)NC(C)C(=O)O
Hlpr-1098-0	Hlpr-1098-0	CC(C)CC(NC(=O)C(CC(C)C)NC(=O)C(C)N)C(=O)O
Hlpr-1104-1	Hlpr-1104-1	NC(CO)C(=O)NC(Cc1ccccc1)C(=O)O
Hlpr-1105-0	Hlpr-1105-0	CC(N)C(=O)NC(C)C(=O)O
Hlpr-1107-0	Hlpr-1107-0	CSCCC(NC(=O)C(CC(C)C)NC(=O)CCC(=O)O)C(=O)O
Hlpr-1109-0	Hlpr-1109-0	CC(C)CC(NC(=O)C(C)N)C(=O)O
Hlpr-1109-1	Hlpr-1109-1	N=C(N)NCCCC(NC(=O)CNC(=O)C(CO)NC(=O)CN)C(=O)O
Hlpr-1111-0	Hlpr-1111-0	CC(NC(=O)C1CCCN1)C(=O)O
Hlpr-1112-1	Hlpr-1112-1	CC(C)CC(NC(=O)CCCCCN)C(=O)NCC(=O)O
Hlpr-1113-0	Hlpr-1113-0	N=C(N)NCCCC(NC(=O)c1ccccc1N)C(=O)O
Hlpr-1119-0	Hlpr-1119-0	NC(Cc1ccc(O)cc1)C(=O)O
Hlpr-1120-0	Hlpr-1120-0	CC(NC(=O)CCc1cc(=O)oc2cc(O)ccc12)C(=O)O
Hlpr-1123-0	Hlpr-1123-0	NC(=O)CCC(N)C(=O)NCCNc1ccc([N+](=O)O)cc1[N+](=O)O
Hlpr-1125-0	Hlpr-1125-0	NCC(=O)NC(CCCN=C(N)N)C(=O)O
Hlpr-1126-0	Hlpr-1126-0	CC(=O)NC(C)C(=O)O
Hlpr-1127-1	Hlpr-1127-1	CC(NC(=O)C(N)CCCCN)C(=O)O
Hlpr-1129-0	Hlpr-1129-0	CC(C)C(N)C(=O)NC(C(=O)O)C(C)C
Hlpr-1130-1	Hlpr-1130-1	CC(C)CC(N)C(=O)NC(CC(C)C)C(=O)NC(CCC(=O)O)C(=O)O
Hlpr-1131-0	Hlpr-1131-0	O=C(O)CCCC(=O)NCC(=O)NCC(=O)NC(Cc1ccccc1)C(=O)O
Hlpr-1131-1	Hlpr-1131-1	Nc1ccc2ccccc2c1
Hlpr-1133-1	Hlpr-1133-1	CC(C)CC(N)C(=O)N1CCCC1C(=O)NC(CCC(=O)O)C(=O)O
Hlpr-1136-1	Hlpr-1136-1	N=C(N)NCCCC(NC(=O)CNC(=O)C(N)CC(=O)O)C(=O)O
Hlpr-1137-0	Hlpr-1137-0	CC(C)CC(N)C(=O)NCC(=O)NC(CC(C)C)C(=O)NC(C)C(=O)O
Hlpr-1137-1	Hlpr-1137-1	NCCCCC(N)C(=O)O
Hlpr-1138-0	Hlpr-1138-0	NC(Cc1ccccc1)C(=O)NC(CO)C(=O)N1CCCC1C(=O)O
Hlpr-1140-0	Hlpr-1140-0	NC(Cc1ccc(O)cc1)C(=O)NCC(=O)NCC(=O)O
Hlpr-1140-1	Hlpr-1140-1	CC(C)CC(NC(=O)C(N)Cc1ccccc1)C(=O)O
Hlpr-1141-1	Hlpr-1141-1	O=C(O)CCC(=O)NCC(=O)NCC(=O)O
Hlpr-1142-0	Hlpr-1142-0	CC(NC(=O)C(C)NC(=O)OC(C)(C)C)C(=O)O
Hlpr-1144-1	Hlpr-1144-1	CC(C)CC(NC(=O)C(N)Cc1cnc[nH]1)C(=O)O
Hlpr-1146-0	Hlpr-1146-0	CC(C)CC(NC(=O)CN)C(=O)O
Hlpr-1147-0	Hlpr-1147-0	CC(C)C(N)C(=O)NCC(=O)N1CCCC1C(=O)NC(CC(=O)O)C(=O)O
Hlpr-1147-1	Hlpr-1147-1	N=C(N)NCCCC(NC(=O)CNC(=O)C(N)Cc1ccccc1)C(=O)O
Hlpr-1149-1	Hlpr-1149-1	NC(N)=NCCCC(NC(=O)c1ccccc1)C(=O)O
Hlpr-1153-0	Hlpr-1153-0	NC(=O)CNC(=O)C(N)CO
Hlpr-1153-1	Hlpr-1153-1	CC(C)CC(NC(=O)C(N)C(C)C)C(=O)NC(CCC(N)=O)C(=O)O
Hlpr-1154-0	Hlpr-1154-0	NCCCCC(NC(=O)CN)C(=O)O
Hlpr-1155-0	Hlpr-1155-0	CC(NC(=O)C(CCCNC(=N)N)NC(=O)c1ccccc1N)C(=O)O
Hlpr-1159-0	Hlpr-1159-0	CC(C)CC(NC(=O)c1ccccc1N)C(=O)NC(CCC(=O)O)C(=O)O
Hlpr-1159-1	Hlpr-1159-1	CC(N)C(=O)NCCNc1ccc([N+](=O)O)cc1[N+](=O)O
Hlpr-1162-1	Hlpr-1162-1	CCCCC(N)C(=O)NC(CCCC)C(=O)O
Hlpr-1163-0	Hlpr-1163-0	CC(N)C(=O)NC(CCCN=C(N)N)C(=O)O
Hlpr-1163-1	Hlpr-1163-1	NCCCCC(N)C(=O)NC(CCCCN)C(=O)O
Hlpr-1164-1	Hlpr-1164-1	CSCCC(N)C(=O)NC(CCCN=C(N)N)C(=O)O
Hlpr-1165-1	Hlpr-1165-1	CC(NC(=O)C(N)C(C)C)C(=O)O
Hlpr-1166-1	Hlpr-1166-1	CC(N)C(=O)NC(Cc1ccccc1)C(=O)O
Hlpr-1168-0	Hlpr-1168-0	O=C(O)C1CCCN1
Hlpr-1169-0	Hlpr-1169-0	CC(C)C(N)C(=O)NCC(=O)NC(CCCNC(=N)N)C(=O)O
Hlpr-1169-1	Hlpr-1169-1	COc1cc(N)cc2ccccc12
Hlpr-1170-0	Hlpr-1170-0	CC(N)C(=O)N1CCCC1C(=O)NC(C)C(=O)O
Hlpr-1173-1	Hlpr-1173-1	N=C(N)NCCCC(NC(=O)c1ccccc1N)C(=O)NC(CO)C(=O)O
Hlpr-1175-0	Hlpr-1175-0	CSCCC(N)C(=O)O
Hlpr-1176-1	Hlpr-1176-1	NC(CC(=O)O)C(=O)O
Hlpr-1178-1	Hlpr-1178-1	CC(C)CC(N)C(=O)NC(CCC(N)=O)C(=O)O
Hlpr-1179-0	Hlpr-1179-0	NCC(=O)NC(CC(=O)O)C(=O)N1CCCC1C(=O)N1CCCC1C(=O)O
Hlpr-1179-1	Hlpr-1179-1	NCC(=O)NC(CCC(=O)O)C(=O)O
Hlpr-1180-0	Hlpr-1180-0	NCC(=O)N1CCCC1C(=O)O
Hlpr-1185-1	Hlpr-1185-1	CC(=O)NC(CC(C)C)C(=O)O
Hlpr-1186-1	Hlpr-1186-1	CC(C)C(N)C(=O)O
Hlpr-1188-0	Hlpr-1188-0	CC(N)C(=O)O
Hlpr-1188-1	Hlpr-1188-1	Nc1ccccc1C(=O)NC(Cc1ccccc1)C(=O)NC(CC(=O)O)C(=O)O
Hlpr-1192-0	Hlpr-1192-0	N=C(N)NCCCC(NC(=O)C1CCCN1C(=O)c1ccccc1N)C(=O)O
Hlpr-1193-1	Hlpr-1193-1	CC(C)C(NC(=O)c1ccccc1)C(=O)O
Hlpr-1195-0	Hlpr-1195-0	CC(C)CC(NC(=O)c1ccccc1N)C(=O)O
Hlpr-1198-0	Hlpr-1198-0	O=CO
Hlpr-1199-1	Hlpr-1199-1	NC(N)=NCCCC(N)C(=O)NC(CCCN=C(N)N)C(=O)O
Hlpr-1200-0	Hlpr-1200-0	NCC(=O)O
Hlpr-1202-0	Hlpr-1202-0	CC(C)(CO)C(O)C(=O)NCCC(=O)O
Hlpr-1208-0	Hlpr-1208-0	Nc1ccccc1C(=O)NCC(=O)NC(CC(=O)O)C(=O)O
Hlpr-1208-1	Hlpr-1208-1	CC(C)CC(NC(=O)C1CCCN1C(=O)C(C)N)C(=O)O
Hlpr-1210-0	Hlpr-1210-0	CC(O)C(NC(=O)C(N)Cc1c[nH]c2ccccc12)C(=O)O
Hlpr-1210-1	Hlpr-1210-1	NC(Cc1ccc(O)cc1)C(=O)N1CCCC1C(=O)O
Hlpr-1211-0	Hlpr-1211-0	CC(C)CC(N)C(=O)NCC(=O)N1CCCC1C(=O)O
Hlpr-1214-0	Hlpr-1214-0	NC(N)=NCCCC(NC(=O)C(N)CC(=O)O)C(=O)O
Hlpr-1216-0	Hlpr-1216-0	NC(Cc1c[nH]c2ccccc12)C(=O)O
Hlpr-1217-0	Hlpr-1217-0	Nc1ccccc1[N+](=O)O
Hlpr-1217-1	Hlpr-1217-1	CC(NC(=O)C(N)CC(=O)O)C(=O)O
Hlpr-1218-0	Hlpr-1218-0	CC(NC(=O)C(Cc1ccccc1)NC(=O)c1ccccc1N)C(=O)O
Hlpr-1219-0	Hlpr-1219-0	O=C(O)CNC(=O)C=Cc1ccco1
Hlpr-1219-1	Hlpr-1219-1	NC(Cc1ccccc1)C(=O)NC(Cc1ccccc1)C(=O)O
Hlpr-1220-0	Hlpr-1220-0	NC(N)=NCCCC(N)C(=O)O
Hlpr-1220-1	Hlpr-1220-1	CC(C)CC(N)C(=O)NC(C)C(=O)O
Hlpr-1224-0	Hlpr-1224-0	NC(N)=NCCCC(N)C(=O)N1CCCC1C(=O)N1CCCC1C(=O)O
Hlpr-1224-1	Hlpr-1224-1	NCC(=O)NC(Cc1ccccc1)C(=O)O
Hlpr-1227-1	Hlpr-1227-1	CCC(C)C(NC(=O)C(CC(N)=O)NC(=O)CNC(=O)C(N)CO)C(=O)O
Hlpr-1228-0	Hlpr-1228-0	NC(Cc1c[nH]c2ccccc12)C(=O)NCC(=O)O
Hlpr-1228-1	Hlpr-1228-1	CC(=O)NCC(=O)O
Hlpr-1232-0	Hlpr-1232-0	CC(NC(=O)CN)C(=O)O
Hlpr-1236-0	Hlpr-1236-0	CC(N)C(=O)NC(C(=O)O)C(C)C
Hlpr-1239-1	Hlpr-1239-1	CC(NS(C)(=O)=O)C(=O)CCCCNC(CCCNC(=N)N)C(=O)O
Hlpr-1248-1	Hlpr-1248-1	CC(NC(=O)C=Cc1ccco1)C(=O)O
Hlpr-1250-0	Hlpr-1250-0	CC(C)C(N)CC(=O)O
Hlpr-1250-1	Hlpr-1250-1	CCC(C)C(N)C(=O)NC(Cc1ccc(O)cc1)C(=O)O
Hlpr-1251-1	Hlpr-1251-1	O=C(O)CNC(=O)c1ccccc1
Hlpr-1252-1	Hlpr-1252-1	NCCCCC(NC(=O)c1ccccc1)C(=O)O
Hlpr-1253-1	Hlpr-1253-1	NC(CCC(=O)O)C(=O)O
Hlpr-1254-0	Hlpr-1254-0	CSCCC(NC(=O)c1ccccc1)C(=O)O
Hlpr-1257-0	Hlpr-1257-0	NCCC(=O)O
Hlpr-1258-0	Hlpr-1258-0	CC(=O)NC1C2OCC(O2)C(O)C1OC(C)C(=O)O
Hlpr-1258-1	Hlpr-1258-1	CC(N)C(=O)NC(CCC(=O)NC(CCCCN)C(=O)O)C(=O)O
Hlpr-1259-0	Hlpr-1259-0	NC(CS)C(=O)NCC(=O)O
Hlpr-1260-1	Hlpr-1260-1	Nc1cc(Br)c(O)c(Br)c1
Hlpr-1263-0	Hlpr-1263-0	NC(CCC(=O)NC(CS)C(=O)NCC(=O)O)C(=O)O
Hlpr-1265-0	Hlpr-1265-0	CC(C)CC(N)C(=O)O
Hlpr-1268-1	Hlpr-1268-1	CC(=O)NCC(NC(C)=O)C(=O)O
Hlpr-1270-0	Hlpr-1270-0	CC(NC(=O)C(N)Cc1ccccc1)C(=O)O
Hlpr-1270-1	Hlpr-1270-1	COc1cc(NC(C)CCCN)c2ncccc2c1
Hlpr-1277-0	Hlpr-1277-0	CSCCC(NC(=O)C1CCCN1C(=O)CN)C(=O)O
Hlpr-1277-1	Hlpr-1277-1	NNc1ccc2c(c1)C(=O)c1ccccc1C2=O
Hlpr-1281-0	Hlpr-1281-0	CC(O)C(N)C(=O)O
Hlpr-1291-1	Hlpr-1291-1	NCC(N)=O
Hlpr-1292-1	Hlpr-1292-1	NCCCCC(N)C(=O)N1CCCC1C(=O)O
Hlpr-1295-0	Hlpr-1295-0	CCNCC(=O)O
Hlpr-1295-1	Hlpr-1295-1	Cc1cccc(C)c1N
Hlpr-1297-1	Hlpr-1297-1	CCC(N)C(=O)O
Hlpr-1298-0	Hlpr-1298-0	CC(NC(=O)C1CCCN1C(=O)CN)C(=O)O
Hlpr-1299-0	Hlpr-1299-0	NC(CO)CC(=O)O
Hlpr-1299-1	Hlpr-1299-1	CCC(C)C(N)C(=O)NC(CC(=O)O)Cc1ccc(O)cc1
Hlpr-1300-0	Hlpr-1300-0	Nc1ccccc1
Hlpr-1304-1	Hlpr-1304-1	O=C(O)CNC(=O)OCc1ccccc1
Hlpr-1305-1	Hlpr-1305-1	CC(N)C(=O)NC(=O)CCC(NC(=O)C(N)CCCC(N)C(=O)O)C(=O)O
Hlpr-1313-1	Hlpr-1313-1	CCC(C)C(NC(=O)C1CCCN1C(=O)CN)C(=O)O
Hlpr-1325-0	Hlpr-1325-0	CC(N)C(=O)N1CCCC1C(=O)O
Hlpr-1328-1	Hlpr-1328-1	Nc1ccccc1C(=O)O
Hlpr-1329-1	Hlpr-1329-1	NCCCCC(NC(=O)c1ccccc1N)C(=O)O
Hlpr-1331-0	Hlpr-1331-0	CCC(C)C(NC(=O)C1CCCN1)C(=O)NC(C(=O)O)C(C)C
Hlpr-1338-0	Hlpr-1338-0	Nc1ncnc2nc[nH]c12
Hlpr-1340-0	Hlpr-1340-0	CC(C)(CO)C(O)C(=O)O
Hlpr-1340-1	Hlpr-1340-1	CCN
Hlpr-1352-0	Hlpr-1352-0	CN
Hlpr-1352-1	Hlpr-1352-1	O=C(O)CCC(=O)O
Hlpr-1354-0	Hlpr-1354-0	NC(N)=O
Hlpr-1355-0	Hlpr-1355-0	CC(C)(C)N
Hlpr-1357-0	Hlpr-1357-0	Oc1nc(O)nc(O)n1
Hlpr-1357-1	Hlpr-1357-1	NC(=O)CC(N)C(=O)O
Hlpr-1358-0	Hlpr-1358-0	NC(=O)O
Hlpr-2094-0	Hlpr-2094-0	CC(C)=CCCC(C)=CCCC(C)=CCOP(=O)(O)O
Hlpr-2095-0	Hlpr-2095-0	COC1OC(CO)C(O)C(O)C1O
Hlpr-2097-1	Hlpr-2097-1	NCCOP(=O)(O)OCC(N)C(=O)O
Hlpr-2099-0	Hlpr-2099-0	OC1CCCCC1
Hlpr-2099-1	Hlpr-2099-1	CCCCCC(=O)OCC(COP(=O)(O)O)OC(=O)CCCCC
Hlpr-2101-0	Hlpr-2101-0	Nc1nc(=O)c2ncn(C3CC(O)C(COP(=O)(O)O)O3)c2[nH]1
Hlpr-2101-1	Hlpr-2101-1	NC(CC(=O)OP(=O)(O)O)C(=O)O
Hlpr-2236-0	Hlpr-2236-0	NC1C(OP(=O)(O)O)OC(CO)C(O)C1O
Hlpr-2240-0	Hlpr-2240-0	NC(=O)c1ccc[n+](C2OC(COP(=O)(O)O)C(O)C2O)c1
Hlpr-2241-0	Hlpr-2241-0	O=C(O)C1(O)CC(O)C(O)C(C(O)CO)O1
Hlpr-2247-0	Hlpr-2247-0	CC1OC(OP(=O)(O)O)C(O)C(O)C1O
Hlpr-2248-0	Hlpr-2248-0	CC(OP(=O)(O)O)C(=O)O
Hlpr-2250-0	Hlpr-2250-0	CCCCC(=O)OCC(COP(=O)(O)O)OC(=O)CCCC
Hlpr-2254-0	Hlpr-2254-0	O=P(O)(O)OC1C=C(CO)C(O)C(O)C1O
Hlpr-2259-0	Hlpr-2259-0	CCCCC(=O)NC1C(O)CC(O)(C(=O)O)OC1C(O)C(O)CO
Hlpr-2385-1	Hlpr-2385-1	Cc1c[nH]c(=O)[nH]c1=O
Hlpr-2432-0	Hlpr-2432-0	NCCCCN
Hlpr-2434-0	Hlpr-2434-0	NCC(CC(=O)O)C(=O)O
Hlpr-2442-0	Hlpr-2442-0	NCCCC(=O)O
Hlpr-2442-1	Hlpr-2442-1	NCC(N)C(=O)O
Hlpr-2446-0	Hlpr-2446-0	NC(CS)C(=O)O
Hlpr-2446-1	Hlpr-2446-1	NCCO
Hlpr-2447-0	Hlpr-2447-0	N=C(N)NCCC(N)CC(=O)O
Hlpr-2450-1	Hlpr-2450-1	NC1OC(COP(=O)(O)O)C(O)C1O
Hlpr-2453-0	Hlpr-2453-0	O=CCO
Hlpr-2453-1	Hlpr-2453-1	CC(=O)C(=O)O
Hlpr-2454-0	Hlpr-2454-0	CC=O
Hlpr-2457-0	Hlpr-2457-0	C=O
Hlpr-2457-1	Hlpr-2457-1	CC(C)C(=O)C(=O)O
Hlpr-2460-0	Hlpr-2460-0	O=CC(=O)O
Hlpr-2463-0	Hlpr-2463-0	CC[N+](=O)O
Hlpr-2463-1	Hlpr-2463-1	O=Cc1ccco1
Hlpr-2466-1	Hlpr-2466-1	CCCCCCCCCCCCCCCC=O
Hlpr-2468-0	Hlpr-2468-0	CCC=O
Hlpr-2470-1	Hlpr-2470-1	O=Cc1ccccc1
Hlpr-2473-0	Hlpr-2473-0	O=Cc1ccoc1
Hlpr-2518-0	Hlpr-2518-0	Nc1ncnc2c1ncn2C1CC(O)C(COP(=O)(O)n2ccnc2)O1
Hlpr-2520-0	Hlpr-2520-0	O=P(O)(O)OCC(O)C(O)C(O)CO
Hlpr-2520-1	Hlpr-2520-1	c1c[nH]cn1
Hlpr-2560-0	Hlpr-2560-0	O=C(O)C(=O)Cc1ccccc1
Hlpr-2564-1	Hlpr-2564-1	NC(=O)CCC(N)C(=O)O
Hlpr-2568-0	Hlpr-2568-0	Nc1ncnc2c1ncn2C1CCC(CO)O1
Hlpr-2568-1	Hlpr-2568-1	O=c1nc[nH]c2nc[nH]c12
Hlpr-2569-1	Hlpr-2569-1	NCCCC(N)C(=O)O
Hlpr-2573-0	Hlpr-2573-0	C[S+](CCC(=O)C(=O)O)CC1OC(n2cnc3c(N)ncnc32)C(O)C1O
Hlpr-2573-1	Hlpr-2573-1	CC(N)C(N)CCCCCC(=O)O
Hlpr-2576-1	Hlpr-2576-1	O=C(O)C(=O)CC1(C(=O)O)C=CC(O)C=C1
Hlpr-2578-0	Hlpr-2578-0	CC(N)C(=O)CCCCCC(=O)O
Hlpr-2578-1	Hlpr-2578-1	C[S+](CCC(N)C(=O)O)CC1OC(n2cnc3c(N)ncnc32)C(O)C1O
Hlpr-2582-0	Hlpr-2582-0	NC(CCc1ccccc1)C(=O)O
Hlpr-2582-1	Hlpr-2582-1	NCCCCC(=O)C(=O)O
Hlpr-2588-0	Hlpr-2588-0	Nc1ccnc(=O)[nH]1
Hlpr-2588-1	Hlpr-2588-1	O=c1ccn(C2CC(O)C(CO)O2)c(=O)[nH]1
Hlpr-2598-0	Hlpr-2598-0	NC(CCO)C(=O)O
Hlpr-2598-1	Hlpr-2598-1	NC(CC=O)C(=O)O
Hlpr-2602-0	Hlpr-2602-0	O=C(O)C(=O)CCO
Hlpr-2602-1	Hlpr-2602-1	NCCC(N)C(=O)O
Hlpr-2603-0	Hlpr-2603-0	C[S+](C)CCC(=O)C(=O)O
Hlpr-2603-1	Hlpr-2603-1	Cc1ncc(COP(=O)(O)O)c(CN)c1O
Hlpr-2605-0	Hlpr-2605-0	NC1CC(O)C(O)C(O)C1O
Hlpr-2605-1	Hlpr-2605-1	NC(=O)CCC(=O)C(=O)O
Hlpr-2606-0	Hlpr-2606-0	Cc1ncc(COP(=O)(O)O)c(C=O)c1O
Hlpr-2610-0	Hlpr-2610-0	CC(N)CCc1ccccc1
Hlpr-2610-1	Hlpr-2610-1	CC(C)=O
Hlpr-2611-0	Hlpr-2611-0	NCC(O)CO
Hlpr-2611-1	Hlpr-2611-1	CC(C=O)C(=O)O
Hlpr-2613-0	Hlpr-2613-0	O=C(O)C(=O)c1cc(O)cc(O)c1
Hlpr-2614-0	Hlpr-2614-0	CCCCCC=O
Hlpr-2614-1	Hlpr-2614-1	NCCS(=O)(=O)O
Hlpr-2615-0	Hlpr-2615-0	CCCCCN
Hlpr-2615-1	Hlpr-2615-1	O=CCS(=O)(=O)O
Hlpr-2624-0	Hlpr-2624-0	NCC(=O)NCC(=O)O
Hlpr-2624-1	Hlpr-2624-1	NC(CCC(=O)NCC(=O)NCC(=O)O)C(=O)O
Hlpr-2625-1	Hlpr-2625-1	CC(C)C(NC(=O)CCC(N)C(=O)O)C(=O)O
Hlpr-2626-0	Hlpr-2626-0	Cc1cn(C2CCC(CO)O2)c(=O)[nH]c1=O
Hlpr-2627-1	Hlpr-2627-1	NC(CCC(=O)Nc1ccc2ccccc2c1)C(=O)O
Hlpr-2629-1	Hlpr-2629-1	CSCCC(NC(=O)CCC(N)C(=O)O)C(N)=O
Hlpr-2630-1	Hlpr-2630-1	Nc1ncnc(=O)[nH]1
Hlpr-2632-1	Hlpr-2632-1	NCCCCNCCCCN
Hlpr-2634-1	Hlpr-2634-1	CC(O)C(NC(=O)CCC(N)C(=O)O)C(=O)O
Hlpr-2635-1	Hlpr-2635-1	NC(CCC(=O)N1CCCC1C(=O)O)C(=O)O
Hlpr-2639-0	Hlpr-2639-0	N=C(N)NCCCC(N)C(=O)O
Hlpr-2736-0	Hlpr-2736-0	CC12CCC(=O)C(CCC(=O)O)C1CCC2=O
Hlpr-2736-1	Hlpr-2736-1	CC=CC=C(O)C(=O)O
Hlpr-2737-0	Hlpr-2737-0	O=P(O)(O)OCC1OC(O)C(O)C1O
Hlpr-2737-1	Hlpr-2737-1	O=c1cc[nH]c(=O)[nH]1
Hlpr-2738-0	Hlpr-2738-0	O=C(O)CCc1ccc(O)cc1
Hlpr-2738-1	Hlpr-2738-1	Oc1cc(O)cc(O)c1
Hlpr-2741-1	Hlpr-2741-1	O=C(O)C=CC(=O)O
Hlpr-2745-0	Hlpr-2745-0	O=C(O)c1ccc(Cl)cc1
Hlpr-2745-1	Hlpr-2745-1	O=C(O)c1ccccc1O
Hlpr-2750-1	Hlpr-2750-1	c1ccc2[nH]ccc2c1
Hlpr-2754-0	Hlpr-2754-0	C=CC(=O)O
Hlpr-2764-0	Hlpr-2764-0	CS
Hlpr-2765-0	Hlpr-2765-0	Sc1ccccc1
Hlpr-2766-1	Hlpr-2766-1	NC(CCS)C(=O)O
Hlpr-2801-0	Hlpr-2801-0	O=P(O)(O)OC1OCC(O)C(O)C1O
Hlpr-2803-0	Hlpr-2803-0	C=C(OP(=O)(O)O)C(=O)O
Hlpr-2804-0	Hlpr-2804-0	c1ncc2[nH]cnc2n1
Hlpr-2804-1	Hlpr-2804-1	O=P(O)(O)OC1CCC(CO)O1
Hlpr-2805-1	Hlpr-2805-1	O=P(O)(O)OC1CC(O)C(CO)O1
Hlpr-2806-1	Hlpr-2806-1	NC(=O)OP(=O)(O)O
Hlpr-2833-0	Hlpr-2833-0	O=P(O)(O)OCC1OC(OP(=O)(O)OP(=O)(O)O)C(O)C1O
Hlpr-2834-0	Hlpr-2834-0	CC(C)=CCCC(C)=CCOP(=O)(O)OP(=O)(O)O
Hlpr-2834-1	Hlpr-2834-1	O=C(O)c1ccc(O)cc1
Hlpr-2874-0	Hlpr-2874-0	CC(C)=CC=O
Hlpr-2876-0	Hlpr-2876-0	CC(C=O)=CC=CC=C(C)C=CC=C(C)C=C=C1C(C)(C)CC(O)CC1(C)O
Hlpr-2876-1	Hlpr-2876-1	CC(C=CC12OC1(C)CC(O)CC2(C)C)=CC=O
Hlpr-2877-0	Hlpr-2877-0	CC(C=CC=O)=CC=CC=C(C)C=CC=C(C)C=CC1=C(C)CCCC1(C)C
Hlpr-2877-1	Hlpr-2877-1	CC(=O)C=CC1=C(C)CCCC1(C)C
Hlpr-2878-0	Hlpr-2878-0	CC(C=CC=C(C)C=CC1=C(C)CCCC1(C)C)=CC=O
Hlpr-2878-1	Hlpr-2878-1	CC(C)=CCCC(C)=CC=CC(C)=CC=CC(C)=CC=O
Hlpr-2881-0	Hlpr-2881-0	CC(=O)c1ccc(O)cc1
Hlpr-2881-1	Hlpr-2881-1	O=Cc1ccc(O)cc1
Hlpr-2903-0	Hlpr-2903-0	COC(=O)C(NC(=O)C1CCCN1)C(C)C
Hlpr-2903-1	Hlpr-2903-1	OCc1ccccc1
Hlpr-2904-0	Hlpr-2904-0	COC(=O)C(NC(=O)CCN)C(C)C
Hlpr-2905-0	Hlpr-2905-0	NC(N)=Nc1ccc(O)cc1
Hlpr-2905-1	Hlpr-2905-1	CCCCCNC(=O)C(Cc1ccccc1)NC(=O)c1ccccc1
Hlpr-2910-1	Hlpr-2910-1	O=C(NC(Cc1ccccc1)C(=O)NC1CCCCCC1)c1ccccc1
Hlpr-2911-0	Hlpr-2911-0	CC1=C(C(=O)O)N2C(=O)C(NC(=O)C(N)c3ccccc3)C2SC1
Hlpr-2914-0	Hlpr-2914-0	CC(=O)N(O)c1ccc(-c2ccccc2)cc1
Hlpr-2914-1	Hlpr-2914-1	N=C(N)NCCCC(N)C(=O)NC(CCC(=O)O)C(N)=O
Hlpr-2917-0	Hlpr-2917-0	O=c1cc[nH]cc1O
Hlpr-2917-1	Hlpr-2917-1	NC(COC(=O)CCC(=O)O)C(=O)O
Hlpr-2918-1	Hlpr-2918-1	CCOC(=O)C(CCCN=C(N)N)NC(=O)c1ccccc1
Hlpr-2919-0	Hlpr-2919-0	NC1CCCCCC1
Hlpr-2920-0	Hlpr-2920-0	COC(=O)C(N)C(C)C
Hlpr-2920-1	Hlpr-2920-1	NCCC(=O)OCc1ccccc1
Hlpr-2921-0	Hlpr-2921-0	NC(=O)C(N)CCC(=O)O
Hlpr-2922-0	Hlpr-2922-0	CNC(C)C(=O)NC(CC(N)=O)C(=O)NC(C)C(C)=O
Hlpr-2923-0	Hlpr-2923-0	COc1cc(CN)ccc1O
Hlpr-2923-1	Hlpr-2923-1	CCCCOC(=O)C(N)c1ccccc1
Hlpr-2924-0	Hlpr-2924-0	CC(=O)ONc1ccc(-c2ccccc2)cc1
Hlpr-2937-0	Hlpr-2937-0	Nc1nc(=O)c2ncn(C3OC(COP(=O)(O)O)C(O)C3O)c2[nH]1
Hlpr-2939-0	Hlpr-2939-0	Nc1nc2c(ncn2C2OC(COP(=O)(O)O)C(O)C2O)c(=O)[nH]1
Hlpr-2948-0	Hlpr-2948-0	OP(O)(O)=S
Hlpr-2949-0	Hlpr-2949-0	CC(C)(COP(=O)(O)O)C(O)C(=O)NCCC(=O)NCCS
Hlpr-2956-1	Hlpr-2956-1	NC(COP(=O)(O)O)C(=O)O
Hlpr-2962-1	Hlpr-2962-1	CC(CC(=O)O)C(=O)O
Hlpr-2963-0	Hlpr-2963-0	CCCCCOCC(O)COP(=O)(O)OC
Hlpr-3010-1	Hlpr-3010-1	O=C(O)CC(O)C(=O)O
Hlpr-3019-1	Hlpr-3019-1	CCC(=O)C(=O)O
Hlpr-3024-1	Hlpr-3024-1	NC(=O)NCCCC(N)C(=O)O
Hlpr-3054-0	Hlpr-3054-0	CC(C)(CO)C(O)C(=O)NCCC(=O)NCCS
Hlpr-3054-1	Hlpr-3054-1	NC(CCSCCO)C(=O)O
Hlpr-3055-0	Hlpr-3055-0	O=NO
Hlpr-3055-1	Hlpr-3055-1	Cc1cccc(O)c1O
Hlpr-3091-0	Hlpr-3091-0	C=C(C)CCOP(=O)(O)OP(=O)(O)O
Hlpr-3098-1	Hlpr-3098-1	NC(CCSCC(N)C(=O)O)C(=O)O
Hlpr-3099-0	Hlpr-3099-0	CCCCC(=O)OC(CO)COP(=O)(O)OCCN
Hlpr-3099-1	Hlpr-3099-1	CCC(C)(C)C(=O)SCCC(=O)OC
Hlpr-3102-0	Hlpr-3102-0	CCS
Hlpr-3102-1	Hlpr-3102-1	NC(CCOC(=O)CCC(=O)O)C(=O)O
Hlpr-3103-0	Hlpr-3103-0	S
Hlpr-3103-1	Hlpr-3103-1	CC(=O)OCC(N)C(=O)O
Hlpr-3122-0	Hlpr-3122-0	O=CC(=O)COP(=O)(O)O
Hlpr-3122-1	Hlpr-3122-1	CC(=O)C(O)C(O)CC(N)C(=O)O
Hlpr-3123-1	Hlpr-3123-1	O=CC(O)COP(=O)(O)O
Hlpr-3125-0	Hlpr-3125-0	NCCCCCNCCCN
Hlpr-3125-1	Hlpr-3125-1	CSCC1OC(n2cnc3c(N)ncnc32)C(O)C1O
Hlpr-3126-0	Hlpr-3126-0	NCCCCNCCCN
Hlpr-3126-1	Hlpr-3126-1	C[S+](CCCN)CC1OC(n2cnc3c(N)ncnc32)C(O)C1O
Hlpr-3127-0	Hlpr-3127-0	NCCCN
Hlpr-3207-1	Hlpr-3207-1	O=C(O)c1cc(O)c2ccccc2c1O
Hlpr-3208-0	Hlpr-3208-0	O=C(O)C1=CC(=O)c2ccccc2C1=O
Hlpr-3225-0	Hlpr-3225-0	O=C(O)CC(=O)C(=O)O
Hlpr-3237-0	Hlpr-3237-0	CC1CO1
Hlpr-3237-1	Hlpr-3237-1	O=S(=O)(O)CCS
Hlpr-3242-1	Hlpr-3242-1	CC(=O)Nc1ccc(C(=O)O)cc1
Hlpr-3244-0	Hlpr-3244-0	CN(C)C
Hlpr-3250-1	Hlpr-3250-1	NC(CCC(=O)NC(CS)C(=O)O)C(=O)O
Hlpr-3256-0	Hlpr-3256-0	NC(=O)CCC(=O)O
Hlpr-3256-1	Hlpr-3256-1	NO
Hlpr-3262-1	Hlpr-3262-1	O=C1C(O)=CC=C(CO)C1O
Hlpr-3270-1	Hlpr-3270-1	NC(=O)c1cccnc1
Hlpr-3284-0	Hlpr-3284-0	CC(C)CC(=O)C(=O)O
Hlpr-3285-1	Hlpr-3285-1	O=C(O)CCCO
Hlpr-3310-0	Hlpr-3310-0	C=CC1C(OC2OC(CO)C(O)C(O)C2O)OC=C(C(=O)OC)C1CC=O
Hlpr-3310-1	Hlpr-3310-1	NCCc1ccc(O)c(O)c1
Hlpr-3311-0	Hlpr-3311-0	O=CCc1ccc(O)cc1
Hlpr-3322-0	Hlpr-3322-0	O=C(CO)COP(=O)(O)O
Hlpr-3322-1	Hlpr-3322-1	O=CC(O)CO
Hlpr-3332-0	Hlpr-3332-0	CSCCS(=O)(=O)O
Hlpr-3332-1	Hlpr-3332-1	CC(OP(=O)(O)O)C(NC(=O)CCCCCCS)C(=O)O
Hlpr-3341-0	Hlpr-3341-0	Oc1ccc(Nc2cc(Cl)c(O)c(Cl)c2)cc1
Hlpr-3341-1	Hlpr-3341-1	O=C1OCC(O)C(O)C1O
Hlpr-3343-0	Hlpr-3343-0	O=C(O)C(O)C(=O)CO
Hlpr-3344-0	Hlpr-3344-0	O=C1C=CC(=Nc2cc(Cl)c(O)c(Cl)c2)C=C1
Hlpr-3345-1	Hlpr-3345-1	CCC(O)C(=O)O
Hlpr-3346-1	Hlpr-3346-1	O=C(O)C(O)C(O)CO
Hlpr-3420-1	Hlpr-3420-1	NC(CCl)C(=O)O
Hlpr-3452-0	Hlpr-3452-0	O=CCCC(=O)c1cccnc1
Hlpr-3452-1	Hlpr-3452-1	CNN=O
Hlpr-3459-0	Hlpr-3459-0	CC(=O)NC1C(O)OC(CO)C(OC2OC(CO)C(O)C(O)C2O)C1O
Hlpr-3469-1	Hlpr-3469-1	O=C(O)c1cccnc1
Hlpr-3470-0	Hlpr-3470-0	O=C(O)c1ccc[n+](C2OC(COP(=O)(O)O)C(O)C2O)c1
Hlpr-3471-0	Hlpr-3471-0	CN(CCCC(O)c1ccc[n+](C2OC(C(=O)O)C(O)C(O)C2O)c1)N=O
Hlpr-3487-0	Hlpr-3487-0	O=P1(O)OC2C(O)C(O)C(O)C(O)C2O1
Hlpr-3525-1	Hlpr-3525-1	NC(CCOP(=O)(O)O)C(=O)O
Hlpr-3535-0	Hlpr-3535-0	O=c1[nH]cnc2c1ncn2C1OC(COP(=O)(O)O)C(O)C1O
Hlpr-3546-0	Hlpr-3546-0	O=C1CCC(C(=O)O)N1
Hlpr-3562-0	Hlpr-3562-0	O=C(O)C1CC(O)CN1
Hlpr-3578-0	Hlpr-3578-0	CC(C)=CCCC(C)=CCCC(C)=CCOP(=O)(O)OP(=O)(O)O
Hlpr-3597-0	Hlpr-3597-0	O=C(O)c1cc(C(=O)O)c2c(n1)c(O)c(O)c1cc(C(=O)O)[nH]c12
Hlpr-3598-0	Hlpr-3598-0	O=C1CCCCC1
Hlpr-3599-1	Hlpr-3599-1	O=C(O)c1cc(C(=O)O)c2c(n1)C(=O)C(=O)c1cc(C(=O)O)[nH]c1-2
